<?xml version="1.0" encoding="UTF-8"?>
<project-private xmlns="http://www.netbeans.org/ns/project-private/1">
    <editor-bookmarks xmlns="http://www.netbeans.org/ns/editor-bookmarks/2" lastBookmarkId="0"/>
    <open-files xmlns="http://www.netbeans.org/ns/projectui-open-files/2">
        <group>
            <file>file:/D:/Semester%206/RPL/TUBES/BRIKU%20(2)/BRIKU/src/Controller/Controller_RiwayatPeminjaman.java</file>
            <file>file:/D:/Semester%206/RPL/TUBES/BRIKU%20(2)/BRIKU/src/briku/Admin.java</file>
            <file>file:/D:/Semester%206/RPL/TUBES/BRIKU%20(2)/BRIKU/src/briku/KoneksiDB.java</file>
            <file>file:/D:/Semester%206/RPL/TUBES/BRIKU%20(2)/BRIKU/src/briku/RiwayatPeminjaman.java</file>
            <file>file:/D:/Semester%206/RPL/TUBES/BRIKU%20(2)/BRIKU/src/briku/Pengembalian.java</file>
            <file>file:/D:/Semester%206/RPL/TUBES/BRIKU%20(2)/BRIKU/src/briku/ProfilNasabah.java</file>
            <file>file:/D:/Semester%206/RPL/TUBES/BRIKU%20(2)/BRIKU/src/Model/Button.java</file>
            <file>file:/D:/Semester%206/RPL/TUBES/BRIKU%20(2)/BRIKU/src/briku/Komplain.java</file>
            <file>file:/D:/Semester%206/RPL/TUBES/BRIKU%20(2)/BRIKU/src/briku/Peminjaman.java</file>
            <file>file:/D:/Semester%206/RPL/TUBES/BRIKU%20(2)/BRIKU/src/briku/OpsiRiwayat.java</file>
            <file>file:/D:/Semester%206/RPL/TUBES/BRIKU%20(2)/BRIKU/src/DAO/Implementasi_RiwayatPeminjaman.java</file>
            <file>file:/D:/Semester%206/RPL/TUBES/BRIKU%20(2)/BRIKU/src/briku/Controller_DB.java</file>
            <file>file:/D:/Semester%206/RPL/TUBES/BRIKU%20(2)/BRIKU/src/DAO/DAO_RiwayatPeminjaman.java</file>
            <file>file:/D:/Semester%206/RPL/TUBES/BRIKU%20(2)/BRIKU/src/briku/Nasabah.java</file>
            <file>file:/D:/Semester%206/RPL/TUBES/BRIKU%20(2)/BRIKU/src/briku/Login.java</file>
            <file>file:/D:/Semester%206/RPL/TUBES/BRIKU%20(2)/BRIKU/src/briku/PusatBantuan.java</file>
            <file>file:/D:/Semester%206/RPL/TUBES/BRIKU%20(2)/BRIKU/src/briku/Informasi_Pinjaman.java</file>
            <file>file:/D:/Semester%206/RPL/TUBES/BRIKU%20(2)/BRIKU/src/briku/Registrasi.java</file>
            <file>file:/D:/Semester%206/RPL/TUBES/BRIKU%20(2)/BRIKU/src/briku/KepalaCabang.java</file>
            <file>file:/D:/Semester%206/RPL/TUBES/BRIKU%20(2)/BRIKU/src/briku/BRIKU.java</file>
            <file>file:/D:/Semester%206/RPL/TUBES/BRIKU%20(2)/BRIKU/src/briku/ChatBot.java</file>
            <file>file:/D:/Semester%206/RPL/TUBES/BRIKU%20(2)/BRIKU/src/briku/Menu.java</file>
        </group>
    </open-files>
</project-private>
